scope,pair,strategy,leader,follower,n_bars,total_return,annual_return,annual_vol,sharpe,max_drawdown,hit_rate,turnover,n_trades
mega_vs_etf,AAPL/XLK,spread_mr,AAPL,XLK,5078,0.5045639669194322,0.14084591076733588,0.08942858911906602,1.5749539622034334,-0.09338420458546393,0.5018814675446849,172.0,172
mega_vs_etf,AAPL/XLK,lead_lag,AAPL,XLK,5078,-0.7136280495942413,-0.3319281344379228,0.2210012700822875,-1.5019286283483024,-0.7568635319952209,0.4741941862764485,5145.0,2583
mega_vs_etf,AAPL/XLK,buy_hold_follower,AAPL,XLK,5078,1.0990697446076467,0.2702100475850935,0.22100729510502534,1.2226295401547103,-0.263350733894554,0.5311014263074485,0.0,0
mega_vs_etf,MSFT/XLK,spread_mr,MSFT,XLK,5078,0.3018586649853361,0.08881631867513695,0.07004877258318162,1.267921126950072,-0.08072502162049855,0.5077066791219057,166.0,166
mega_vs_etf,MSFT/XLK,lead_lag,MSFT,XLK,5078,-0.7874684131918315,-0.39319607832183057,0.22103960996662794,-1.778848951014682,-0.7956010796474291,0.4626629790596602,5157.0,2582
mega_vs_etf,MSFT/XLK,buy_hold_follower,MSFT,XLK,5078,1.0990697446076467,0.2702100475850935,0.22100729510502534,1.2226295401547103,-0.263350733894554,0.5311014263074485,0.0,0
mega_vs_etf,NVDA/XLK,spread_mr,NVDA,XLK,5078,0.19635994189042494,0.059536057028518385,0.07240619870384547,0.8222508306510011,-0.06886989537175014,0.49169152109075415,154.0,154
mega_vs_etf,NVDA/XLK,lead_lag,NVDA,XLK,5078,-0.7632618906551889,-0.3717116974668927,0.22085825060823647,-1.6830328794292753,-0.7824175935025576,0.4672989527761312,5141.0,2575
mega_vs_etf,NVDA/XLK,buy_hold_follower,NVDA,XLK,5078,1.0990697446076467,0.2702100475850935,0.22100729510502534,1.2226295401547103,-0.263350733894554,0.5311014263074485,0.0,0
mega_vs_etf,JPM/XLF,spread_mr,JPM,XLF,5078,0.05333269460451673,0.016901593016175775,0.04098696648792396,0.4123650629561842,-0.05320071609300436,0.5017182130584192,174.0,174
mega_vs_etf,JPM/XLF,lead_lag,JPM,XLF,5078,-0.615713211816441,-0.2654469518863919,0.16223057556111176,-1.6362325718705155,-0.6296922764710426,0.45743203016471523,5035.0,2530
mega_vs_etf,JPM/XLF,buy_hold_follower,JPM,XLF,5078,0.5791162686535798,0.15878277272764474,0.16202906585242466,0.9799647482524115,-0.17659390760892713,0.5289173504102461,0.0,0
mega_vs_etf,BAC/XLF,spread_mr,BAC,XLF,5078,0.17412317045946923,0.05314311110143888,0.045019321597267674,1.1804511755384661,-0.06750859191156144,0.5089820359281437,186.0,186
mega_vs_etf,BAC/XLF,lead_lag,BAC,XLF,5078,-0.5951583371315712,-0.2529962260710661,0.16161690701187112,-1.565406928945144,-0.6019209417140656,0.4526127558116432,5029.0,2576
mega_vs_etf,BAC/XLF,buy_hold_follower,BAC,XLF,5078,0.5791162686535798,0.15878277272764474,0.16202906585242466,0.9799647482524115,-0.17659390760892713,0.5289173504102461,0.0,0
mega_vs_etf,XOM/XLE,spread_mr,XOM,XLE,5078,0.009006381733008162,0.0028963518382334463,0.043570304939828074,0.06647536303070169,-0.08443644148548424,0.49912663755458514,161.0,161
mega_vs_etf,XOM/XLE,lead_lag,XOM,XLE,5078,-0.7934608074935744,-0.39876845429399976,0.2160881365799375,-1.845397255977925,-0.8069524318262626,0.4732372111396405,5103.0,2581
mega_vs_etf,XOM/XLE,buy_hold_follower,XOM,XLE,5078,0.5471600519418864,0.15116610310738587,0.21600130169945791,0.6998388524422733,-0.23736037820728495,0.5285487708168121,0.0,0
mega_vs_etf,CVX/XLE,spread_mr,CVX,XLE,5078,0.026380748196518145,0.008434647701532016,0.046484204181811616,0.1814519114609761,-0.05275595437372249,0.4831600831600832,153.0,153
mega_vs_etf,CVX/XLE,lead_lag,CVX,XLE,5078,-0.7472659720813479,-0.35832005478881035,0.2166413851754059,-1.653977860687573,-0.7814376784457187,0.4689723320158103,5183.0,2622
mega_vs_etf,CVX/XLE,buy_hold_follower,CVX,XLE,5078,0.5471600519418864,0.15116610310738587,0.21600130169945791,0.6998388524422733,-0.23736037820728495,0.5285487708168121,0.0,0
mega_vs_etf,UNH/XLV,spread_mr,UNH,XLV,5078,0.41632679833619624,0.11882069234129777,0.07461084405208135,1.5925391791353571,-0.06862521749071582,0.5200386286817963,168.0,168
mega_vs_etf,UNH/XLV,lead_lag,UNH,XLV,5078,-0.6193679030140963,-0.2677076564259284,0.13368036116222645,-2.0025952510784624,-0.6578761752891218,0.4541320680110716,5107.0,2562
mega_vs_etf,UNH/XLV,buy_hold_follower,UNH,XLV,5078,0.11267387535956463,0.03503919299965097,0.13320310228604854,0.2630508779322996,-0.1882218766180026,0.5105242255758539,0.0,0
mega_vs_etf,JNJ/XLV,spread_mr,JNJ,XLV,5078,0.2881494624120593,0.08510456082705664,0.05301846279444356,1.605187256315092,-0.035302868090279715,0.5123428039124359,172.0,172
mega_vs_etf,JNJ/XLV,lead_lag,JNJ,XLV,5078,-0.5617490427534149,-0.2336427236445815,0.1332392290547207,-1.7535580572042007,-0.5946125711439512,0.46438464582508904,5093.0,2570
mega_vs_etf,JNJ/XLV,buy_hold_follower,JNJ,XLV,5078,0.11267387535956463,0.03503919299965097,0.13320310228604854,0.2630508779322996,-0.1882218766180026,0.5105242255758539,0.0,0
mega_vs_etf,GOOGL/XLC,spread_mr,GOOGL,XLC,5078,0.2048936783255355,0.06196808135789511,0.06834183660335455,0.9067371384463703,-0.11248979334584885,0.5291794646774901,176.0,176
mega_vs_etf,GOOGL/XLC,lead_lag,GOOGL,XLC,5078,-0.7183380257459429,-0.3354923804787935,0.16174183070498313,-2.074246217051488,-0.7455081309394436,0.4522583201267829,5195.0,2614
mega_vs_etf,GOOGL/XLC,buy_hold_follower,GOOGL,XLC,5078,0.8216190391092508,0.21343147983853084,0.16256678995816698,1.3128848757698468,-0.18363080510758045,0.5129173290937997,0.0,0
mega_vs_etf,META/XLC,spread_mr,META,XLC,5078,0.2287649378392631,0.06870974598070023,0.05822467875170733,1.180079434593453,-0.04593492162274804,0.49503239740820737,161.0,161
mega_vs_etf,META/XLC,lead_lag,META,XLC,5078,-0.7468879036793425,-0.3580105791946997,0.1625875361986941,-2.2019558667595778,-0.7576437247702859,0.4525504151838671,5121.0,2564
mega_vs_etf,META/XLC,buy_hold_follower,META,XLC,5078,0.8216190391092508,0.21343147983853084,0.16256678995816698,1.3128848757698468,-0.18363080510758045,0.5129173290937997,0.0,0
mega_vs_etf,AMZN/XLY,spread_mr,AMZN,XLY,5078,0.3511847777500714,0.10195633433232776,0.06711068984751951,1.519226438649046,-0.051130662750167755,0.5081417624521073,176.0,176
mega_vs_etf,AMZN/XLY,lead_lag,AMZN,XLY,5078,-0.6980805981339859,-0.32043732304700856,0.20224340239555144,-1.584414221929926,-0.7349956693683012,0.4739027283511269,5061.0,2541
mega_vs_etf,AMZN/XLY,buy_hold_follower,AMZN,XLY,5078,0.42568757469728147,0.12120060135781374,0.20229013058921738,0.5991424347039996,-0.2634567837987565,0.5219376613063331,0.0,0
mega_vs_etf,TSLA/XLY,spread_mr,TSLA,XLY,5078,0.06765421123547166,0.021341092720314814,0.07769972147379299,0.27466112253070124,-0.15247585211547,0.4956217162872154,158.0,158
mega_vs_etf,TSLA/XLY,lead_lag,TSLA,XLY,5078,-0.7958670965056793,-0.4010369080439904,0.2021389335653459,-1.983966675644632,-0.8183353243152258,0.4576672587329781,5263.0,2639
mega_vs_etf,TSLA/XLY,buy_hold_follower,TSLA,XLY,5078,0.42568757469728147,0.12120060135781374,0.20229013058921738,0.5991424347039996,-0.2634567837987565,0.5219376613063331,0.0,0
intra_sector,KO/PEP,spread_mr,KO,PEP,5078,-0.01569890588910272,-0.005091130096596119,0.0758234855385484,-0.0671445009476359,-0.10594045910688721,0.49593165174938975,165.0,165
intra_sector,KO/PEP,lead_lag,KO,PEP,5078,-0.5075097635113899,-0.20424873890619089,0.18362864557081343,-1.1122923565181209,-0.5152631798020066,0.4781922241957766,5153.0,2628
intra_sector,KO/PEP,buy_hold_follower,KO,PEP,5078,-0.20519783726152752,-0.07140409520540802,0.18394672464213957,-0.3881781279026393,-0.33421923816822663,0.5062363888338943,0.0,0
intra_sector,MA/V,spread_mr,MA,V,5078,0.09011580601857183,0.028223371691536325,0.04934402720440624,0.5719713872283225,-0.07177674781903576,0.5004488330341114,188.0,188
intra_sector,MA/V,lead_lag,MA,V,5078,-0.5551666394583392,-0.22994854844905788,0.1964425224005732,-1.170564018619967,-0.6078053685299795,0.4728636273929347,4987.0,2510
intra_sector,MA/V,buy_hold_follower,MA,V,5078,0.4501337410014161,0.12736634208793918,0.19701310132093544,0.6464866612117267,-0.21329251099108126,0.5163075706661395,0.0,0
intra_sector,GS/MS,spread_mr,GS,MS,5078,0.20688542701504598,0.06253402797428875,0.0701713509425206,0.8911618079793305,-0.08143369686422042,0.5125284738041003,174.0,174
intra_sector,GS/MS,lead_lag,GS,MS,5078,-0.7657929539328284,-0.3738863723077167,0.2907911212639684,-1.2857558053442693,-0.7846347890606422,0.466600790513834,5289.0,2649
intra_sector,GS/MS,buy_hold_follower,GS,MS,5078,1.3802589558487988,0.32277779191442724,0.2910775604875189,1.1089064762457619,-0.31478667843023167,0.522195798652398,0.0,0
intra_sector,HD/LOW,spread_mr,HD,LOW,5078,0.2204944617879705,0.06638414403297155,0.05141752421717041,1.2910801335472153,-0.049089290877900926,0.5075452716297787,179.0,179
intra_sector,HD/LOW,lead_lag,HD,LOW,5078,-0.7100996933402632,-0.3292840060111978,0.23626831342677815,-1.3936866998174349,-0.7421951027938196,0.4848006316620608,5223.0,2618
intra_sector,HD/LOW,buy_hold_follower,HD,LOW,5078,0.026555252473468238,0.008489949789569629,0.23662462443107457,0.035879401013239144,-0.2736057832992347,0.5039525691699605,0.0,0
intra_sector,AAPL/MSFT,spread_mr,AAPL,MSFT,5078,0.3505448802698534,0.10178796967889037,0.11046258645478074,0.9214700917813341,-0.0805892590948567,0.5082198215124472,149.0,149
intra_sector,AAPL/MSFT,lead_lag,AAPL,MSFT,5078,-0.6767667266656532,-0.30531870390731397,0.23947724571613235,-1.2749382639435718,-0.7261230784519062,0.46206896551724136,5145.0,2583
intra_sector,AAPL/MSFT,buy_hold_follower,AAPL,MSFT,5078,0.25378916235637416,0.07568243830690013,0.23885597350351748,0.31685386468170373,-0.3463279568340769,0.5161608198659835,0.0,0
intra_sector,XOM/CVX,spread_mr,XOM,CVX,5078,0.009343653296914889,0.0030044737961636425,0.06295247406918121,0.04772606383764831,-0.10297788941572383,0.50523311132255,150.0,150
intra_sector,XOM/CVX,lead_lag,XOM,CVX,5078,-0.7975175032561101,-0.4026032707163141,0.22365439466155904,-1.8001133906872082,-0.8054967557621078,0.4697389240506329,5103.0,2581
intra_sector,XOM/CVX,buy_hold_follower,XOM,CVX,5078,0.26493919985766357,0.07875891347760611,0.22384740972649292,0.3518419693747512,-0.22693656524302386,0.5182322631787555,0.0,0
intra_sector,WMT/TGT,spread_mr,WMT,TGT,5078,0.4973497102202704,0.13907850693769697,0.14846785103620594,0.9367584023545996,-0.18263685006229258,0.50764242704956,160.0,160
intra_sector,WMT/TGT,lead_lag,WMT,TGT,5078,-0.6495149421148749,-0.2869417959862218,0.3481597336431507,-0.8241670941773102,-0.7535130768709343,0.4759083728278041,5067.0,2566
intra_sector,WMT/TGT,buy_hold_follower,WMT,TGT,5078,-0.07162907119598894,-0.0236894075527877,0.34679652263711613,-0.06830924189391606,-0.5368047996140842,0.5019794140934284,0.0,0
intra_sector,F/GM,spread_mr,F,GM,5078,0.2077464779317395,0.06277849591682605,0.1069191226732758,0.5871587265887415,-0.21908312632897187,0.5160751565762004,162.0,162
intra_sector,F/GM,lead_lag,F,GM,5078,-0.770156276744913,-0.3776729982845747,0.32781703312395966,-1.1520847305751885,-0.78268843264874,0.45528455284552843,5121.0,2725
intra_sector,F/GM,buy_hold_follower,F,GM,5078,1.0986770107913433,0.2701333828396011,0.33761581343375524,0.8001206462818866,-0.35523742242235745,0.5075606844409073,0.0,0
intra_sector,UPS/FDX,spread_mr,UPS,FDX,5078,0.16096970378183761,0.04932287358754439,0.12447408337798781,0.39625014500220634,-0.18013948734678686,0.50830078125,161.0,161
intra_sector,UPS/FDX,lead_lag,UPS,FDX,5078,-0.9208028790665275,-0.5586745652564409,0.3025356412790803,-1.8466404913300114,-0.9276685625716358,0.4602328794158279,5269.0,2663
intra_sector,UPS/FDX,buy_hold_follower,UPS,FDX,5078,0.665288400448163,0.17881430634604345,0.30119043215662955,0.5936918549027937,-0.37435823483565134,0.5121469484495359,0.0,0
intra_sector,BAC/JPM,spread_mr,BAC,JPM,5078,0.3234026120421205,0.09459619400849051,0.06514776707104641,1.4520251155397135,-0.07262165790851349,0.5019676432006996,174.0,174
intra_sector,BAC/JPM,lead_lag,BAC,JPM,5078,-0.6216170800818863,-0.2691062617581803,0.228431596258665,-1.17806059304273,-0.6420085442743879,0.4686142913541255,5029.0,2576
intra_sector,BAC/JPM,buy_hold_follower,BAC,JPM,5078,1.178873000937819,0.28559085046331667,0.22895653044854572,1.2473583955164738,-0.25329994324389793,0.5356367226061204,0.0,0
sector_vs_spy,XLK/SPY,spread_mr,XLK,SPY,5078,0.08049758569827614,0.025288202464546883,0.029477966775968624,0.8578679342688801,-0.035230423209084205,0.5086872586872587,171.0,171
sector_vs_spy,XLK/SPY,lead_lag,XLK,SPY,5078,-0.6483826091231017,-0.28619950159335605,0.14410299632393148,-1.9860759935206589,-0.676076197079992,0.4604926108374384,5001.0,2530
sector_vs_spy,XLK/SPY,buy_hold_follower,XLK,SPY,5078,0.7092485543438145,0.188763605940393,0.1441350842815513,1.30962983010899,-0.19433840940536895,0.5388560157790927,0.0,0
sector_vs_spy,XLF/SPY,spread_mr,XLF,SPY,5078,0.1221216183805105,0.037865981002677795,0.04406484933019531,0.85932396407243,-0.03454144545440918,0.5078125,161.0,161
sector_vs_spy,XLF/SPY,lead_lag,XLF,SPY,5078,-0.6517439657467521,-0.2884077799545791,0.1431745941569798,-2.014378190856699,-0.6781811855514286,0.4540252565114444,5029.0,2592
sector_vs_spy,XLF/SPY,buy_hold_follower,XLF,SPY,5078,0.7092485543438145,0.188763605940393,0.1441350842815513,1.30962983010899,-0.19433840940536895,0.5388560157790927,0.0,0
sector_vs_spy,XLE/SPY,spread_mr,XLE,SPY,5078,0.1867664228966095,0.05678793302054563,0.0740663941034084,0.7667165886496472,-0.07849950446534237,0.48626609442060087,164.0,164
sector_vs_spy,XLE/SPY,lead_lag,XLE,SPY,5078,-0.660096908377152,-0.2939585718991292,0.14419449085038014,-2.0386255408616694,-0.6603113408863817,0.45101517839542676,5057.0,2562
sector_vs_spy,XLE/SPY,buy_hold_follower,XLE,SPY,5078,0.7092485543438145,0.188763605940393,0.1441350842815513,1.30962983010899,-0.19433840940536895,0.5388560157790927,0.0,0
sector_vs_spy,XLV/SPY,spread_mr,XLV,SPY,5078,0.08047020739996391,0.025279822280845465,0.0646060800464724,0.39129169054462365,-0.06072094185002552,0.5103681760473974,158.0,158
sector_vs_spy,XLV/SPY,lead_lag,XLV,SPY,5078,-0.6577772387450903,-0.29240789553807,0.14395689809855894,-2.0312183674440893,-0.6703242382855926,0.44941826069808716,5007.0,2543
sector_vs_spy,XLV/SPY,buy_hold_follower,XLV,SPY,5078,0.7092485543438145,0.188763605940393,0.1441350842815513,1.30962983010899,-0.19433840940536895,0.5388560157790927,0.0,0
sector_vs_spy,XLC/SPY,spread_mr,XLC,SPY,5078,0.11490209425016884,0.03570734242877638,0.038317376650647585,0.9318837965952689,-0.05022700624478804,0.5072529465095195,170.0,170
sector_vs_spy,XLC/SPY,lead_lag,XLC,SPY,5078,-0.6766158699241858,-0.30521413879044745,0.14400067541079462,-2.1195326891332615,-0.6874130304861972,0.4506209343583678,5105.0,2597
sector_vs_spy,XLC/SPY,buy_hold_follower,XLC,SPY,5078,0.7092485543438145,0.188763605940393,0.1441350842815513,1.30962983010899,-0.19433840940536895,0.5388560157790927,0.0,0
sector_vs_spy,XLY/SPY,spread_mr,XLY,SPY,5078,0.009636705323055716,0.0030984000579743487,0.03429205399426665,0.09035329462890662,-0.07562294951487558,0.49724264705882354,154.0,154
sector_vs_spy,XLY/SPY,lead_lag,XLY,SPY,5078,-0.742407239304441,-0.3543664621075864,0.14360845098379615,-2.46758780336382,-0.7471052472998057,0.45169558359621453,5073.0,2577
sector_vs_spy,XLY/SPY,buy_hold_follower,XLY,SPY,5078,0.7092485543438145,0.188763605940393,0.1441350842815513,1.30962983010899,-0.19433840940536895,0.5388560157790927,0.0,0
sector_vs_spy,XLP/SPY,spread_mr,XLP,SPY,5078,0.1287622838606437,0.03984324931856098,0.06561024184992804,0.6072717946947284,-0.06746342580429476,0.4844524560612889,150.0,150
sector_vs_spy,XLP/SPY,lead_lag,XLP,SPY,5078,-0.6635798730352407,-0.2963004201198365,0.14403080440716304,-2.057201730834051,-0.671429786425942,0.451714623571147,5035.0,2579
sector_vs_spy,XLP/SPY,buy_hold_follower,XLP,SPY,5078,0.7092485543438145,0.188763605940393,0.1441350842815513,1.30962983010899,-0.19433840940536895,0.5388560157790927,0.0,0
sector_vs_spy,XLI/SPY,spread_mr,XLI,SPY,5078,0.10095124535322442,0.03150905753415789,0.04210575529077806,0.7483313698224755,-0.03318009305350211,0.4899615548910722,177.0,177
sector_vs_spy,XLI/SPY,lead_lag,XLI,SPY,5078,-0.6758027996398783,-0.3046511340296455,0.14412141821159688,-2.1138505144485973,-0.6872863435298129,0.4512123004139562,5071.0,2581
sector_vs_spy,XLI/SPY,buy_hold_follower,XLI,SPY,5078,0.7092485543438145,0.188763605940393,0.1441350842815513,1.30962983010899,-0.19433840940536895,0.5388560157790927,0.0,0
sector_vs_spy,XLU/SPY,spread_mr,XLU,SPY,5078,0.14742549700287477,0.04535838633125078,0.06915145168405835,0.6559281869957815,-0.05801940501308056,0.4850606909430439,157.0,157
sector_vs_spy,XLU/SPY,lead_lag,XLU,SPY,5078,-0.692350202154379,-0.3163033011241986,0.14383986976548685,-2.198996019948378,-0.7040497230115625,0.44369946756063894,5087.0,2599
sector_vs_spy,XLU/SPY,buy_hold_follower,XLU,SPY,5078,0.7092485543438145,0.188763605940393,0.1441350842815513,1.30962983010899,-0.19433840940536895,0.5388560157790927,0.0,0
sector_vs_spy,XLB/SPY,spread_mr,XLB,SPY,5078,0.19699593814612348,0.05971771374196333,0.05853989657687627,1.0201199051238554,-0.044099423720915354,0.49717759444203213,158.0,158
sector_vs_spy,XLB/SPY,lead_lag,XLB,SPY,5078,-0.7001179465260302,-0.32191991030987954,0.14342567222161456,-2.2445068956167353,-0.7130486956613264,0.44330506803391834,5137.0,2631
sector_vs_spy,XLB/SPY,buy_hold_follower,XLB,SPY,5078,0.7092485543438145,0.188763605940393,0.1441350842815513,1.30962983010899,-0.19433840940536895,0.5388560157790927,0.0,0
sector_vs_spy,XLRE/SPY,spread_mr,XLRE,SPY,5078,0.28607785262627794,0.08454134972562355,0.06122307877031525,1.380873870175481,-0.05497230235786743,0.4831756046267087,170.0,170
sector_vs_spy,XLRE/SPY,lead_lag,XLRE,SPY,5078,-0.7059597077453467,-0.32620917758197,0.14361088260025928,-2.2714795123846767,-0.7213548829726065,0.4415302701636758,5199.0,2687
sector_vs_spy,XLRE/SPY,buy_hold_follower,XLRE,SPY,5078,0.7092485543438145,0.188763605940393,0.1441350842815513,1.30962983010899,-0.19433840940536895,0.5388560157790927,0.0,0
